DonorID,Name,BloodGroup,City,Contact,Availability
1,Ravi,O-,Pune,9807583813,No
2,Neha,AB+,Jaipur,9643337391,No
3,Ravi,B+,Pune,9170965661,Yes
4,Priya,B+,Udaipur,9468530837,No
5,Karan,O+,Mumbai,9855121841,No
6,Sohan,AB-,Delhi,9745768424,No
7,Vikas,A-,Udaipur,9242591177,Yes
8,Anita,AB-,Bhopal,9249046548,No
9,Pooja,A+,Kota,9642375643,Yes
10,Vikas,B-,Delhi,9978099309,Yes
11,Pooja,O+,Udaipur,9515014551,No
12,Neha,AB+,Mumbai,9152802750,Yes
13,Ravi,AB+,Delhi,9620446119,No
14,Karan,AB-,Udaipur,9859988759,No
15,Sohan,A+,Mumbai,9198089783,Yes
16,Vikas,B+,Mumbai,9667045885,No
17,Neha,O-,Kota,9915850661,No
18,Amit,AB+,Jaipur,9532955666,Yes
19,Pooja,B+,Pune,9748216620,Yes
20,Pooja,AB+,Udaipur,9276816024,No
21,Karan,O+,Udaipur,9751566344,No
22,Vikas,O-,Delhi,9558905089,Yes
23,Sohan,A-,Indore,9433460259,No
24,Neha,B+,Pune,9727211875,No
25,Vikas,B+,Kota,9338364975,Yes
26,Vikas,AB+,Indore,9221802293,Yes
27,Anita,B-,Indore,9270471362,Yes
28,Pooja,AB+,Udaipur,9114380749,No
29,Rahul,A-,Kota,9954725347,Yes
30,Sohan,A-,Delhi,9790860096,No
31,Priya,B-,Delhi,9215251670,Yes
32,Amit,A+,Pune,9794873633,No
33,Vikas,B-,Bhopal,9825972360,No
34,Amit,AB-,Kota,9296987707,Yes
35,Rahul,O-,Mumbai,9505184523,No
36,Pooja,A-,Mumbai,9374032594,No
37,Ravi,A+,Jaipur,9585218290,Yes
38,Vikas,AB+,Delhi,9898710455,Yes
39,Rahul,AB-,Jaipur,9410833143,Yes
40,Ravi,B-,Udaipur,9420321052,Yes
41,Vikas,A-,Bhopal,9871500031,Yes
42,Vikas,O+,Kota,9595632658,No
43,Ravi,O+,Jaipur,9550250581,No
44,Neha,B+,Bhopal,9943029255,Yes
45,Pooja,AB-,Indore,9699938907,No
46,Pooja,O+,Kota,9773844878,Yes
47,Rahul,O-,Pune,9922305155,No
48,Sohan,A+,Jaipur,9908076527,Yes
49,Ravi,B+,Jaipur,9498432194,No
50,Priya,A-,Kota,9675225265,Yes
51,Vikas,AB+,Bhopal,9463610969,Yes
52,Amit,AB+,Bhopal,9788011808,Yes
53,Anita,B+,Delhi,9913744670,Yes
54,Sohan,B+,Bhopal,9222756994,Yes
55,Priya,AB-,Delhi,9289040635,No
56,Anita,B+,Jaipur,9110318596,No
57,Anita,AB-,Indore,9830726254,Yes
58,Amit,O+,Bhopal,9422159854,No
59,Neha,B-,Delhi,9942510645,Yes
60,Priya,AB-,Udaipur,9420505579,No
61,Anita,AB-,Jaipur,9132962757,No
62,Karan,O+,Pune,9317775243,Yes
63,Anita,O-,Indore,9837132949,No
64,Rahul,O+,Jaipur,9595090338,Yes
65,Vikas,A+,Delhi,9198948750,No
66,Anita,A-,Pune,9386330225,No
67,Neha,O+,Udaipur,9805202933,Yes
68,Priya,AB+,Udaipur,9136085340,Yes
69,Pooja,A-,Udaipur,9288548921,Yes
70,Karan,A+,Indore,9234055117,Yes
71,Ravi,A+,Bhopal,9909418370,No
72,Sohan,B+,Bhopal,9782565943,Yes
73,Neha,B+,Udaipur,9151886900,Yes
74,Pooja,AB-,Kota,9140983930,No
75,Amit,O-,Kota,9414421909,No
76,Vikas,B-,Jaipur,9123808561,No
77,Vikas,B-,Kota,9957889136,No
78,Ravi,B-,Delhi,9949534866,Yes
79,Ravi,O+,Bhopal,9553336612,Yes
80,Pooja,B+,Pune,9698450850,Yes
81,Amit,O-,Udaipur,9823421582,No
82,Rahul,O-,Jaipur,9392043610,No
83,Sohan,B+,Mumbai,9552116538,No
84,Neha,A+,Bhopal,9630356889,Yes
85,Ravi,O-,Delhi,9586147417,Yes
86,Amit,O+,Bhopal,9530416692,Yes
87,Sohan,AB-,Delhi,9147356303,No
88,Priya,O-,Jaipur,9613764326,No
89,Amit,A+,Delhi,9581166781,No
90,Anita,A+,Pune,9188320939,No
91,Amit,AB-,Mumbai,9781072483,Yes
92,Ravi,AB+,Bhopal,9678076715,No
93,Vikas,O+,Kota,9394532530,Yes
94,Karan,AB+,Delhi,9788495798,No
95,Vikas,B+,Jaipur,9552978302,No
96,Vikas,A+,Mumbai,9573575454,No
97,Amit,B-,Bhopal,9843702871,No
98,Ravi,A+,Bhopal,9898634582,No
99,Ravi,A+,Mumbai,9834481609,No
100,Anita,AB+,Jaipur,9464632000,No
101,Vikas,AB-,Kota,9565240836,No
102,Karan,O+,Delhi,9732623854,Yes
103,Priya,B+,Delhi,9147705239,No
104,Priya,B-,Bhopal,9840091291,Yes
105,Rahul,O+,Bhopal,9767922783,Yes
106,Sohan,B+,Udaipur,9126748197,Yes
107,Karan,AB-,Bhopal,9498090721,No
108,Priya,O+,Jaipur,9434722551,Yes
109,Vikas,AB-,Kota,9979801198,No
110,Vikas,AB+,Pune,9468876371,Yes
111,Neha,AB+,Bhopal,9595941657,No
112,Karan,AB+,Bhopal,9827777940,Yes
113,Pooja,A-,Pune,9206579885,No
114,Sohan,O+,Delhi,9812213976,No
115,Sohan,AB-,Indore,9123471581,No
116,Anita,AB-,Delhi,9123607088,No
117,Vikas,A+,Bhopal,9539202484,Yes
118,Neha,B+,Pune,9882806508,No
119,Karan,O+,Pune,9895940676,No
120,Amit,B+,Udaipur,9626728212,Yes
121,Amit,O+,Jaipur,9926793913,No
122,Priya,AB-,Kota,9987170281,Yes
123,Ravi,A+,Mumbai,9941954608,No
124,Karan,AB-,Delhi,9617566070,No
125,Sohan,A+,Udaipur,9284347851,No
126,Pooja,B-,Udaipur,9476136683,Yes
127,Vikas,B+,Pune,9448769092,Yes
128,Priya,B-,Jaipur,9557257730,No
129,Rahul,B+,Indore,9979147029,No
130,Amit,B+,Indore,9570931867,No
131,Neha,A-,Bhopal,9420524562,Yes
132,Sohan,AB-,Delhi,9362613295,Yes
133,Pooja,O+,Udaipur,9550605089,Yes
134,Pooja,O+,Indore,9642892947,No
135,Sohan,AB-,Kota,9488393419,No
136,Neha,AB-,Pune,9401024297,No
137,Karan,O+,Indore,9663782830,No
138,Amit,O-,Kota,9699876279,No
139,Rahul,AB+,Kota,9399910676,Yes
140,Rahul,AB-,Delhi,9700354013,Yes
141,Neha,AB+,Kota,9154324419,No
142,Ravi,A+,Kota,9253694271,Yes
143,Rahul,O+,Pune,9982755991,Yes
144,Sohan,AB+,Udaipur,9253867858,No
145,Anita,O+,Bhopal,9229513472,No
146,Vikas,O+,Udaipur,9772048593,Yes
147,Neha,AB-,Pune,9981198447,No
148,Ravi,O+,Kota,9815165949,No
149,Vikas,B+,Udaipur,9358381544,Yes
150,Amit,B+,Mumbai,9812228871,Yes
151,Rahul,B+,Bhopal,9631572140,Yes
152,Amit,O-,Indore,9737089918,No
153,Pooja,O+,Udaipur,9400729374,Yes
154,Vikas,B-,Jaipur,9501229143,No
155,Priya,AB+,Jaipur,9646607302,No
156,Vikas,O-,Delhi,9267793908,Yes
157,Sohan,B+,Udaipur,9763436901,Yes
158,Pooja,A-,Jaipur,9611079783,No
159,Priya,A+,Bhopal,9172970462,Yes
160,Amit,AB+,Kota,9544198876,Yes
161,Karan,O-,Delhi,9775563727,No
162,Pooja,AB-,Bhopal,9839934455,No
163,Rahul,A-,Kota,9469224394,Yes
164,Sohan,AB+,Delhi,9326134486,No
165,Anita,O-,Mumbai,9733104858,No
166,Pooja,AB+,Mumbai,9529718340,No
167,Ravi,AB-,Mumbai,9183969663,No
168,Rahul,B-,Indore,9923700843,Yes
169,Amit,A+,Bhopal,9549048544,Yes
170,Vikas,O-,Mumbai,9145182004,No
171,Priya,B-,Bhopal,9221324239,Yes
172,Karan,AB-,Jaipur,9490832863,No
173,Neha,O+,Bhopal,9498938714,Yes
174,Pooja,A-,Udaipur,9794672796,Yes
175,Karan,AB+,Indore,9801683655,Yes
176,Amit,O+,Delhi,9194272095,Yes
177,Karan,B+,Indore,9212909200,No
178,Neha,B-,Jaipur,9477839004,Yes
179,Vikas,A+,Mumbai,9952818769,No
180,Anita,O-,Udaipur,9118988468,Yes
181,Vikas,B-,Bhopal,9146492597,Yes
182,Priya,B-,Jaipur,9887094888,No
183,Neha,O+,Kota,9890460223,No
184,Rahul,AB-,Mumbai,9119999974,No
185,Priya,A+,Jaipur,9838306736,No
186,Sohan,O-,Kota,9122968413,Yes
187,Anita,AB+,Indore,9653697564,Yes
188,Anita,AB+,Jaipur,9933451444,No
189,Vikas,AB+,Kota,9412926788,Yes
190,Anita,A+,Jaipur,9740395484,Yes
191,Pooja,AB+,Jaipur,9542619333,No
192,Ravi,B+,Jaipur,9917932361,Yes
193,Pooja,O-,Pune,9378927001,Yes
194,Sohan,A+,Udaipur,9343320271,No
195,Pooja,A-,Bhopal,9958189464,No
196,Priya,O+,Delhi,9310944544,No
197,Rahul,B+,Indore,9510016455,Yes
198,Pooja,A-,Jaipur,9919385108,No
199,Sohan,A+,Delhi,9205654053,No
200,Rahul,B-,Jaipur,9353564216,Yes
201,Priya,A+,Udaipur,9869509870,Yes
202,Anita,AB+,Udaipur,9777463636,Yes
203,Ravi,B+,Jaipur,9109850375,Yes
204,Ravi,B-,Mumbai,9481885612,Yes
205,Rahul,A-,Udaipur,9514738743,Yes
206,Rahul,B+,Jaipur,9194743426,No
207,Sohan,A+,Udaipur,9448781488,Yes
208,Neha,A+,Udaipur,9732135220,No
209,Karan,O+,Indore,9993994508,No
210,Anita,A-,Delhi,9361106940,Yes
211,Neha,O+,Pune,9175457015,No
212,Ravi,AB-,Udaipur,9241131171,No
213,Pooja,A-,Delhi,9305567214,No
214,Rahul,A-,Mumbai,9586526229,No
215,Rahul,A+,Bhopal,9254820522,Yes
216,Rahul,B-,Bhopal,9878425082,Yes
217,Amit,A+,Jaipur,9983003669,Yes
218,Amit,B+,Delhi,9594821436,Yes
219,Ravi,AB-,Bhopal,9245544723,Yes
220,Ravi,A-,Delhi,9638415864,Yes
221,Pooja,AB+,Mumbai,9173670087,No
222,Neha,A-,Jaipur,9223124992,No
223,Karan,A+,Jaipur,9228119070,Yes
224,Rahul,A-,Delhi,9203615624,No
225,Vikas,B+,Delhi,9229090054,No
226,Anita,O+,Delhi,9486070716,No
227,Neha,O-,Pune,9676093552,Yes
228,Sohan,A-,Indore,9221604159,No
229,Rahul,B+,Udaipur,9643132236,No
230,Sohan,AB-,Delhi,9555665074,No
231,Rahul,O+,Bhopal,9198758874,Yes
232,Anita,O+,Bhopal,9945308708,No
233,Amit,B-,Indore,9193319726,No
234,Pooja,A+,Kota,9623163206,No
235,Sohan,B-,Delhi,9822197581,Yes
236,Priya,A+,Bhopal,9185161466,Yes
237,Rahul,A+,Delhi,9841071760,Yes
238,Karan,O-,Delhi,9421754115,No
239,Anita,AB+,Indore,9658107746,No
240,Neha,O+,Jaipur,9160172442,No
241,Rahul,A-,Delhi,9204810173,No
242,Ravi,A+,Udaipur,9863999515,No
243,Sohan,AB-,Kota,9598925216,Yes
244,Sohan,A+,Pune,9557268405,Yes
245,Ravi,A+,Kota,9495304657,No
246,Pooja,A+,Jaipur,9431193862,Yes
247,Neha,AB+,Udaipur,9978421040,Yes
248,Rahul,O+,Delhi,9873723338,Yes
249,Anita,AB+,Kota,9408703672,No
250,Anita,B-,Indore,9517565223,No
251,Pooja,O-,Pune,9516833488,No
252,Pooja,AB-,Bhopal,9153796119,Yes
253,Anita,AB+,Mumbai,9671581096,No
254,Anita,B-,Kota,9476290549,Yes
255,Vikas,B-,Pune,9875917960,No
256,Ravi,O-,Delhi,9173041893,No
257,Priya,AB+,Udaipur,9347441228,Yes
258,Karan,O-,Jaipur,9447952169,No
259,Sohan,O-,Pune,9939352739,Yes
260,Ravi,B+,Kota,9909541755,No
261,Neha,A+,Bhopal,9341134746,No
262,Anita,AB-,Udaipur,9288593122,Yes
263,Pooja,A-,Delhi,9188466377,Yes
264,Karan,AB+,Kota,9951487974,Yes
265,Pooja,O+,Jaipur,9878456580,No
266,Ravi,A-,Udaipur,9652645560,No
267,Vikas,AB+,Mumbai,9106971650,Yes
268,Neha,A-,Mumbai,9932834845,No
269,Anita,A+,Mumbai,9559914886,No
270,Rahul,B-,Jaipur,9979243636,No
271,Neha,B-,Udaipur,9161391912,Yes
272,Pooja,AB+,Mumbai,9476240651,No
273,Ravi,B+,Jaipur,9865151531,Yes
274,Vikas,AB-,Kota,9757729722,No
275,Ravi,B+,Udaipur,9192572745,Yes
276,Vikas,B-,Indore,9701869690,Yes
277,Vikas,O-,Pune,9632859827,Yes
278,Pooja,O+,Indore,9751715476,No
279,Sohan,B-,Delhi,9458751889,Yes
280,Amit,AB-,Bhopal,9303888303,No
281,Sohan,AB+,Udaipur,9965737811,No
282,Sohan,O+,Mumbai,9218383983,Yes
283,Anita,O-,Bhopal,9712763540,No
284,Priya,B+,Mumbai,9921593727,No
285,Ravi,A-,Pune,9476701246,Yes
286,Neha,A-,Kota,9576583836,Yes
287,Ravi,AB-,Jaipur,9156031100,No
288,Anita,A+,Delhi,9192622948,No
289,Vikas,O-,Delhi,9254763824,No
290,Rahul,A-,Indore,9984411720,Yes
291,Vikas,A+,Delhi,9157725504,No
292,Anita,O-,Bhopal,9120017653,No
293,Rahul,A-,Udaipur,9525853384,No
294,Vikas,O+,Indore,9162075051,No
295,Neha,B-,Udaipur,9616850499,Yes
296,Pooja,O+,Indore,9486936249,Yes
297,Neha,O-,Delhi,9907006998,Yes
298,Priya,O+,Jaipur,9620075008,No
299,Priya,AB+,Indore,9868643137,Yes
300,Pooja,B-,Bhopal,9780522306,Yes
301,Priya,AB+,Pune,9121633573,No
302,Ravi,AB+,Mumbai,9395566381,Yes
303,Amit,B+,Delhi,9501127785,Yes
304,Neha,B+,Mumbai,9141272699,Yes
305,Rahul,A-,Bhopal,9679852264,Yes
306,Karan,O-,Jaipur,9848277447,No
307,Pooja,B+,Udaipur,9980497435,No
308,Anita,A+,Bhopal,9474392120,Yes
309,Anita,O-,Udaipur,9776350513,Yes
310,Sohan,AB+,Pune,9221560972,Yes
311,Neha,O+,Jaipur,9796117177,No
312,Pooja,O-,Indore,9800250835,Yes
313,Anita,O+,Mumbai,9864505401,Yes
314,Pooja,B-,Jaipur,9928653139,No
315,Rahul,B+,Delhi,9764178761,Yes
316,Anita,AB-,Udaipur,9369289043,Yes
317,Amit,O+,Udaipur,9367674456,Yes
318,Karan,B-,Delhi,9173751310,No
319,Amit,B-,Delhi,9312795893,No
320,Neha,B-,Delhi,9456264614,Yes
321,Ravi,O+,Delhi,9406674177,No
322,Amit,A-,Mumbai,9999208343,No
323,Karan,A-,Jaipur,9379364469,Yes
324,Neha,O+,Delhi,9422248862,No
325,Amit,A-,Indore,9504582049,Yes
326,Anita,AB+,Mumbai,9239576944,No
327,Pooja,O+,Udaipur,9646571249,Yes
328,Neha,O-,Kota,9804721475,Yes
329,Pooja,AB+,Pune,9970062139,No
330,Anita,B+,Jaipur,9424892322,Yes
331,Amit,O-,Bhopal,9474700126,Yes
332,Pooja,AB+,Pune,9811473631,Yes
333,Ravi,B-,Kota,9461557031,Yes
334,Vikas,O+,Bhopal,9288306239,No
335,Rahul,B+,Mumbai,9587735559,No
336,Amit,A+,Udaipur,9626787904,Yes
337,Anita,B+,Jaipur,9748670721,Yes
338,Karan,A-,Udaipur,9648027312,Yes
339,Vikas,AB-,Delhi,9216678345,No
340,Neha,B+,Kota,9346469083,No
341,Karan,AB-,Delhi,9986393215,Yes
342,Sohan,A+,Jaipur,9623220536,No
343,Priya,B-,Bhopal,9951231237,No
344,Vikas,AB-,Kota,9636526895,No
345,Vikas,B-,Mumbai,9864066879,No
346,Ravi,B+,Bhopal,9523564948,No
347,Vikas,A+,Mumbai,9387827449,No
348,Vikas,B+,Jaipur,9624558642,Yes
349,Karan,AB-,Pune,9722297575,Yes
350,Neha,B+,Mumbai,9411526571,Yes
351,Neha,AB-,Udaipur,9189491208,No
352,Neha,AB+,Indore,9547898345,No
353,Priya,AB+,Udaipur,9625033655,Yes
354,Ravi,A+,Mumbai,9224848948,Yes
355,Rahul,AB-,Mumbai,9332793935,No
356,Neha,AB+,Mumbai,9894088575,No
357,Pooja,O+,Jaipur,9786438630,Yes
358,Pooja,A-,Udaipur,9440990447,Yes
359,Pooja,A+,Kota,9427036259,Yes
360,Anita,B-,Kota,9623400627,Yes
361,Amit,B+,Mumbai,9950774136,No
362,Priya,B+,Delhi,9479746434,No
363,Vikas,AB-,Indore,9899046920,Yes
364,Amit,B-,Indore,9475263031,No
365,Anita,B-,Bhopal,9775110021,Yes
366,Sohan,AB+,Kota,9234077117,No
367,Amit,B-,Kota,9709905381,No
368,Neha,AB+,Kota,9274734744,Yes
369,Anita,B+,Udaipur,9466304097,No
370,Priya,A-,Bhopal,9802268543,No
371,Sohan,B-,Udaipur,9903121836,No
372,Vikas,AB+,Mumbai,9899002653,Yes
373,Sohan,AB+,Bhopal,9567804367,No
374,Sohan,A-,Mumbai,9803410251,No
375,Sohan,B-,Mumbai,9529826940,No
376,Amit,O+,Mumbai,9503592395,Yes
377,Anita,O+,Mumbai,9877614836,No
378,Amit,O+,Udaipur,9895900861,No
379,Sohan,AB+,Bhopal,9646192200,Yes
380,Sohan,AB-,Mumbai,9371726970,Yes
381,Pooja,AB+,Udaipur,9741368510,No
382,Vikas,B+,Mumbai,9565678398,No
383,Priya,AB-,Indore,9986633471,No
384,Pooja,O+,Udaipur,9124098676,No
385,Anita,B+,Indore,9342852158,No
386,Anita,B+,Mumbai,9213063973,No
387,Amit,AB-,Delhi,9392158301,Yes
388,Rahul,O+,Udaipur,9537473244,No
389,Neha,B-,Delhi,9606298090,No
390,Ravi,AB-,Pune,9506274920,No
391,Priya,O-,Udaipur,9685918767,Yes
392,Amit,AB-,Indore,9210338699,Yes
393,Priya,B-,Bhopal,9132609677,Yes
394,Pooja,AB+,Jaipur,9798684216,Yes
395,Neha,A-,Jaipur,9628280615,Yes
396,Sohan,AB-,Kota,9621930481,No
397,Karan,A+,Pune,9887649837,Yes
398,Anita,AB-,Indore,9322323005,No
399,Rahul,AB+,Udaipur,9435171890,Yes
400,Karan,A+,Mumbai,9538753363,No
401,Rahul,O+,Indore,9345217933,No
402,Rahul,O-,Indore,9142206385,No
403,Sohan,O+,Indore,9200014503,Yes
404,Neha,AB-,Bhopal,9152719434,No
405,Pooja,O-,Bhopal,9962198170,Yes
406,Karan,B+,Jaipur,9682578249,Yes
407,Rahul,A-,Indore,9219543522,No
408,Vikas,B+,Bhopal,9496204887,No
409,Sohan,B+,Mumbai,9303179143,Yes
410,Rahul,B+,Jaipur,9403784565,No
411,Anita,O-,Mumbai,9581415011,No
412,Amit,O-,Indore,9563354693,No
413,Amit,AB-,Kota,9855232078,Yes
414,Rahul,AB-,Indore,9804437713,No
415,Pooja,A-,Kota,9637168031,Yes
416,Sohan,AB-,Kota,9970996120,No
417,Anita,O+,Pune,9585814592,No
418,Priya,A+,Pune,9908243169,Yes
419,Anita,A+,Bhopal,9886992680,Yes
420,Amit,AB-,Jaipur,9757183331,No
421,Neha,B+,Pune,9940151707,Yes
422,Pooja,O-,Delhi,9439650638,No
423,Neha,AB-,Pune,9646183524,No
424,Amit,B-,Mumbai,9488146714,Yes
425,Vikas,B+,Jaipur,9737038233,No
426,Neha,B+,Pune,9862176525,Yes
427,Karan,A+,Pune,9365547062,No
428,Amit,A-,Kota,9212362956,Yes
429,Karan,A-,Indore,9603616946,No
430,Neha,O-,Udaipur,9820158937,No
431,Neha,AB+,Udaipur,9583030084,No
432,Ravi,O+,Mumbai,9355765281,Yes
433,Anita,AB-,Udaipur,9714494662,No
434,Karan,B-,Bhopal,9792032677,Yes
435,Karan,A-,Udaipur,9260013311,No
436,Rahul,A-,Delhi,9249328171,No
437,Karan,AB-,Udaipur,9880706307,No
438,Karan,A+,Udaipur,9939337725,No
439,Priya,AB-,Pune,9442343734,No
440,Vikas,AB+,Pune,9714850530,Yes
441,Rahul,B-,Pune,9657266899,No
442,Rahul,B-,Bhopal,9539962002,No
443,Vikas,O-,Bhopal,9650797276,No
444,Priya,O-,Indore,9140771733,Yes
445,Neha,O-,Jaipur,9662286658,Yes
446,Neha,B+,Jaipur,9867441395,Yes
447,Anita,O+,Kota,9326138580,Yes
448,Ravi,B-,Pune,9583801318,Yes
449,Vikas,O-,Kota,9876567853,Yes
450,Sohan,AB+,Kota,9418427361,Yes
451,Sohan,AB+,Mumbai,9682588135,Yes
452,Vikas,B+,Pune,9616082993,Yes
453,Amit,B-,Udaipur,9470893563,No
454,Sohan,B-,Kota,9869473568,Yes
455,Vikas,AB+,Pune,9536026610,No
456,Pooja,AB+,Indore,9603476634,Yes
457,Pooja,B-,Indore,9161331867,Yes
458,Neha,O-,Mumbai,9261159254,Yes
459,Rahul,A+,Delhi,9701773182,No
460,Neha,A-,Indore,9954876908,Yes
461,Anita,B-,Pune,9100476154,Yes
462,Ravi,AB+,Pune,9309860280,No
463,Sohan,AB-,Pune,9100781454,No
464,Ravi,AB+,Pune,9414463216,No
465,Anita,A-,Jaipur,9457309865,Yes
466,Pooja,B-,Pune,9921559695,Yes
467,Vikas,O+,Indore,9361214172,No
468,Priya,O-,Jaipur,9510406703,No
469,Ravi,A+,Bhopal,9653553426,No
470,Rahul,O-,Udaipur,9100487021,No
471,Karan,O-,Udaipur,9243505420,Yes
472,Amit,B+,Bhopal,9459163987,Yes
473,Anita,O+,Pune,9821633679,Yes
474,Ravi,A+,Jaipur,9469653805,No
475,Amit,AB-,Delhi,9770900942,No
476,Pooja,O-,Indore,9363890926,Yes
477,Rahul,B-,Delhi,9731587147,No
478,Anita,O+,Udaipur,9247762916,Yes
479,Karan,A+,Kota,9407445085,No
480,Rahul,A+,Kota,9932735502,Yes
481,Vikas,A+,Udaipur,9182517278,Yes
482,Amit,O+,Mumbai,9892067038,No
483,Vikas,O-,Mumbai,9327950576,No
484,Anita,AB-,Mumbai,9888952544,Yes
485,Karan,AB+,Kota,9746762603,Yes
486,Vikas,B-,Pune,9862880701,Yes
487,Vikas,B-,Kota,9861478658,No
488,Karan,AB-,Delhi,9864985668,Yes
489,Rahul,AB-,Kota,9257209942,Yes
490,Priya,B-,Jaipur,9985850572,No
491,Vikas,AB-,Kota,9536154007,No
492,Rahul,B-,Jaipur,9376181029,No
493,Karan,AB-,Indore,9972664807,Yes
494,Karan,B-,Jaipur,9959538838,Yes
495,Karan,AB-,Indore,9112531459,Yes
496,Ravi,O-,Pune,9845424180,Yes
497,Amit,AB+,Udaipur,9257823130,No
498,Anita,O-,Delhi,9572971667,No
499,Neha,AB+,Jaipur,9659671103,Yes
500,Anita,A+,Pune,9638264593,No
501,Sohan,A+,Kota,9346487892,No
502,Sohan,O-,Delhi,9419715440,Yes
503,Priya,AB+,Pune,9430922725,No
504,Anita,A-,Indore,9768318917,Yes
505,Anita,O+,Mumbai,9146015238,Yes
506,Priya,O-,Udaipur,9913930962,Yes
507,Pooja,O-,Bhopal,9966727290,No
508,Karan,A+,Mumbai,9847994670,No
509,Priya,O-,Pune,9790785909,Yes
510,Rahul,O+,Indore,9331030233,Yes
511,Sohan,B-,Delhi,9688174096,Yes
512,Ravi,B+,Bhopal,9927656583,Yes
513,Neha,AB-,Indore,9180841591,No
514,Ravi,B-,Bhopal,9169363252,Yes
515,Rahul,AB-,Bhopal,9449743146,No
516,Anita,AB+,Mumbai,9190288605,Yes
517,Rahul,O-,Jaipur,9633854972,No
518,Vikas,O-,Mumbai,9301821084,Yes
519,Vikas,AB-,Kota,9389653814,No
520,Vikas,B+,Kota,9167385104,No
521,Priya,O+,Udaipur,9875416977,Yes
522,Sohan,B+,Udaipur,9519687627,No
523,Vikas,A-,Mumbai,9822689552,Yes
524,Anita,A-,Kota,9224236406,No
525,Vikas,AB-,Pune,9959681893,No
526,Ravi,AB+,Udaipur,9122601418,No
527,Vikas,AB-,Delhi,9874218481,Yes
528,Amit,AB-,Pune,9312452371,No
529,Anita,O-,Indore,9780085251,Yes
530,Karan,B+,Jaipur,9325655357,Yes
531,Sohan,AB-,Pune,9106735693,No
532,Rahul,A+,Pune,9476201983,Yes
533,Sohan,O-,Indore,9795156525,No
534,Amit,B+,Udaipur,9161223454,Yes
535,Pooja,A+,Udaipur,9306407951,Yes
536,Rahul,AB-,Delhi,9571326957,No
537,Rahul,O-,Mumbai,9555803843,Yes
538,Karan,B-,Pune,9196100125,No
539,Sohan,O-,Delhi,9824328608,Yes
540,Ravi,AB-,Kota,9730872558,No
541,Vikas,O-,Indore,9975244862,Yes
542,Neha,B-,Kota,9978991443,No
543,Neha,A+,Pune,9606048921,Yes
544,Pooja,B+,Mumbai,9285592675,No
545,Rahul,AB+,Bhopal,9406164795,Yes
546,Ravi,O+,Bhopal,9716934169,Yes
547,Rahul,A-,Pune,9285666636,Yes
548,Priya,AB+,Delhi,9214578303,Yes
549,Neha,AB-,Indore,9308419893,Yes
550,Vikas,AB+,Udaipur,9353949045,Yes
551,Priya,B-,Indore,9659808614,Yes
552,Ravi,O+,Udaipur,9801237324,Yes
553,Sohan,B-,Delhi,9432839516,No
554,Amit,O+,Kota,9168204982,No
555,Neha,A+,Delhi,9268093142,No
556,Neha,O+,Delhi,9432749562,Yes
557,Anita,B-,Udaipur,9821973755,Yes
558,Neha,A+,Mumbai,9185337467,Yes
559,Sohan,AB-,Indore,9346667845,No
560,Neha,B+,Bhopal,9407940124,Yes
561,Priya,A-,Mumbai,9407774333,No
562,Karan,B+,Indore,9878515761,No
563,Sohan,O+,Udaipur,9536241864,No
564,Vikas,B-,Udaipur,9603264564,Yes
565,Anita,A+,Jaipur,9148855550,No
566,Rahul,B+,Indore,9851727304,No
567,Priya,AB-,Jaipur,9152351169,No
568,Neha,O+,Udaipur,9641207350,Yes
569,Priya,B-,Jaipur,9614901198,Yes
570,Sohan,A+,Delhi,9360218468,No
571,Priya,B+,Jaipur,9877626871,Yes
572,Amit,O-,Jaipur,9640921398,Yes
573,Neha,O+,Mumbai,9745204532,No
574,Pooja,AB+,Mumbai,9699002314,Yes
575,Anita,O+,Mumbai,9504110158,Yes
576,Amit,AB+,Delhi,9848342412,No
577,Pooja,O+,Kota,9840112221,No
578,Vikas,AB-,Indore,9911564848,Yes
579,Karan,AB+,Bhopal,9969157551,Yes
580,Karan,A-,Mumbai,9316876332,Yes
581,Sohan,O-,Indore,9818866080,No
582,Amit,AB-,Mumbai,9601521032,Yes
583,Ravi,AB+,Jaipur,9709941624,No
584,Pooja,AB+,Bhopal,9400791362,No
585,Amit,A-,Mumbai,9446521788,Yes
586,Karan,O+,Bhopal,9107002735,No
587,Neha,AB+,Delhi,9905245603,Yes
588,Sohan,AB+,Mumbai,9819304522,Yes
589,Priya,A-,Udaipur,9778230399,Yes
590,Rahul,B-,Kota,9501292982,Yes
591,Vikas,B-,Kota,9490951871,Yes
592,Rahul,O-,Jaipur,9477399279,No
593,Ravi,O-,Mumbai,9686381666,No
594,Amit,O+,Mumbai,9961146587,Yes
595,Anita,B-,Jaipur,9575709910,Yes
596,Rahul,AB+,Udaipur,9627948045,No
597,Pooja,B+,Jaipur,9310060793,Yes
598,Ravi,AB+,Delhi,9162410721,No
599,Ravi,O-,Bhopal,9693184553,Yes
600,Karan,A-,Pune,9232012209,No
601,Rahul,O-,Mumbai,9165893536,Yes
602,Amit,A-,Kota,9709749121,No
603,Karan,A+,Udaipur,9767559521,Yes
604,Ravi,A-,Jaipur,9220163343,No
605,Neha,AB+,Kota,9286414580,No
606,Neha,O-,Indore,9958372073,Yes
607,Sohan,AB+,Pune,9202214014,No
608,Rahul,AB-,Delhi,9739780629,Yes
609,Vikas,A-,Udaipur,9168744987,No
610,Priya,A-,Udaipur,9443176321,No
611,Anita,AB-,Indore,9217774263,Yes
612,Sohan,O-,Pune,9752523746,No
613,Pooja,A-,Delhi,9745177575,Yes
614,Sohan,O+,Mumbai,9584722747,Yes
615,Rahul,AB+,Mumbai,9736140264,No
616,Anita,A+,Mumbai,9239017812,No
617,Sohan,B-,Pune,9378405658,Yes
618,Anita,AB+,Mumbai,9101565667,Yes
619,Pooja,A+,Delhi,9115150418,No
620,Anita,A-,Pune,9789372906,No
621,Pooja,O+,Udaipur,9757565611,Yes
622,Rahul,A+,Kota,9721077558,No
623,Ravi,O+,Indore,9764536320,No
624,Pooja,A-,Jaipur,9538609271,Yes
625,Priya,AB+,Mumbai,9634594061,Yes
626,Vikas,AB+,Mumbai,9757532348,Yes
627,Ravi,O+,Kota,9585947332,No
628,Ravi,A+,Indore,9594249340,Yes
629,Amit,B+,Kota,9629884267,No
630,Anita,O-,Delhi,9165173608,Yes
631,Priya,AB-,Jaipur,9829815145,Yes
632,Ravi,A-,Pune,9147184878,No
633,Vikas,O-,Indore,9211421655,No
634,Karan,O+,Kota,9296833229,Yes
635,Rahul,B-,Jaipur,9308624372,No
636,Sohan,O-,Pune,9187755779,No
637,Neha,B-,Pune,9648730306,No
638,Sohan,AB-,Jaipur,9568040353,Yes
639,Sohan,AB-,Udaipur,9115581690,No
640,Pooja,A+,Pune,9850227256,Yes
641,Neha,O-,Udaipur,9611221978,No
642,Pooja,A-,Pune,9456049420,No
643,Amit,B+,Jaipur,9308157467,Yes
644,Ravi,B+,Delhi,9194925448,No
645,Vikas,AB-,Kota,9690861553,No
646,Anita,B+,Jaipur,9549004948,No
647,Ravi,B+,Kota,9340718884,No
648,Vikas,A+,Kota,9596179496,No
649,Ravi,A-,Pune,9725022789,No
650,Sohan,O-,Bhopal,9935353895,No
651,Neha,A+,Delhi,9500477235,Yes
652,Amit,AB-,Jaipur,9148609656,Yes
653,Neha,AB-,Kota,9459924250,No
654,Neha,O+,Indore,9485984887,Yes
655,Karan,A-,Jaipur,9143349255,Yes
656,Ravi,A-,Udaipur,9177003039,No
657,Karan,AB-,Mumbai,9845874116,No
658,Amit,O+,Mumbai,9238769507,No
659,Rahul,A-,Pune,9932979969,No
660,Anita,AB+,Mumbai,9703097838,Yes
661,Sohan,O-,Mumbai,9224940028,Yes
662,Vikas,A+,Jaipur,9289444116,Yes
663,Pooja,O-,Pune,9469440508,Yes
664,Pooja,AB+,Kota,9922337107,Yes
665,Rahul,AB+,Kota,9398943622,Yes
666,Karan,O-,Delhi,9226110863,No
667,Ravi,O+,Udaipur,9626656961,No
668,Amit,AB-,Kota,9649838638,No
669,Amit,A-,Delhi,9592154874,Yes
670,Priya,B+,Udaipur,9330462181,Yes
671,Rahul,A+,Udaipur,9398603092,Yes
672,Rahul,A+,Kota,9620887035,No
673,Ravi,A-,Kota,9838569595,Yes
674,Pooja,AB+,Indore,9645246019,No
675,Vikas,AB+,Delhi,9966197704,Yes
676,Vikas,A+,Indore,9615235993,Yes
677,Vikas,A+,Jaipur,9115951317,Yes
678,Pooja,B+,Bhopal,9630934576,Yes
679,Rahul,AB+,Kota,9124101994,Yes
680,Priya,B+,Bhopal,9746836473,No
681,Neha,A+,Pune,9306919507,Yes
682,Vikas,AB-,Kota,9370867227,No
683,Priya,A+,Delhi,9782923604,Yes
684,Sohan,O+,Kota,9163004316,Yes
685,Amit,AB-,Delhi,9743920735,No
686,Sohan,AB+,Jaipur,9245805368,No
687,Neha,A+,Delhi,9145075182,No
688,Amit,AB-,Pune,9401555640,No
689,Sohan,A+,Pune,9874804705,Yes
690,Pooja,O-,Delhi,9798744781,Yes
691,Amit,B+,Jaipur,9593454559,Yes
692,Anita,O-,Udaipur,9431934985,No
693,Amit,B-,Kota,9721054679,No
694,Priya,O-,Pune,9246691565,No
695,Rahul,B+,Jaipur,9825283486,Yes
696,Vikas,A-,Delhi,9958795869,No
697,Rahul,AB-,Jaipur,9918469058,No
698,Karan,B-,Pune,9477865148,No
699,Ravi,B-,Mumbai,9705749251,No
700,Anita,A-,Indore,9444408728,Yes
701,Amit,AB+,Indore,9201603942,No
702,Amit,O-,Mumbai,9559178963,No
703,Ravi,A-,Udaipur,9943108785,Yes
704,Karan,A-,Kota,9503051678,No
705,Karan,AB-,Bhopal,9842661144,No
706,Ravi,B-,Kota,9358842136,Yes
707,Karan,O-,Kota,9575507143,Yes
708,Amit,A-,Jaipur,9474432552,Yes
709,Sohan,O-,Kota,9906150584,Yes
710,Rahul,O-,Delhi,9971272676,Yes
711,Rahul,AB-,Indore,9701270722,No
712,Anita,A+,Indore,9838525232,Yes
713,Priya,AB+,Pune,9580592534,Yes
714,Amit,AB+,Delhi,9284290860,No
715,Vikas,B+,Kota,9887459140,Yes
716,Rahul,AB-,Kota,9411737178,Yes
717,Anita,AB-,Indore,9595872862,No
718,Anita,AB+,Indore,9995911976,Yes
719,Karan,AB-,Bhopal,9835857523,Yes
720,Sohan,B-,Bhopal,9288750164,Yes
721,Rahul,O-,Mumbai,9811714519,Yes
722,Anita,AB+,Jaipur,9347753168,Yes
723,Vikas,AB+,Pune,9726315396,Yes
724,Priya,A+,Jaipur,9228497140,No
725,Neha,A-,Delhi,9649494246,Yes
726,Amit,O-,Pune,9337842661,Yes
727,Sohan,A+,Pune,9138664620,No
728,Pooja,A-,Jaipur,9120736310,Yes
729,Ravi,A-,Jaipur,9954071617,No
730,Karan,B-,Kota,9414325909,Yes
731,Sohan,O-,Bhopal,9133013206,No
732,Priya,B+,Delhi,9402995070,No
733,Vikas,AB-,Mumbai,9218121660,No
734,Sohan,A+,Udaipur,9453142678,Yes
735,Sohan,O+,Bhopal,9867382721,No
736,Rahul,A-,Delhi,9665646571,Yes
737,Karan,O-,Mumbai,9758410625,No
738,Anita,A-,Mumbai,9624298502,Yes
739,Ravi,A+,Indore,9226012343,Yes
740,Priya,O-,Indore,9298260507,Yes
741,Vikas,B+,Bhopal,9572270610,Yes
742,Sohan,O+,Bhopal,9280608607,Yes
743,Sohan,O-,Kota,9256932583,No
744,Rahul,B-,Jaipur,9877809359,No
745,Ravi,A+,Jaipur,9717589041,No
746,Pooja,AB-,Mumbai,9423742639,Yes
747,Karan,O+,Bhopal,9230001917,No
748,Karan,B-,Pune,9593746972,Yes
749,Priya,O+,Delhi,9291942974,No
750,Pooja,O+,Bhopal,9279605623,No
751,Amit,O-,Jaipur,9991539900,Yes
752,Vikas,AB-,Delhi,9486787862,No
753,Ravi,A+,Udaipur,9530850503,Yes
754,Karan,A+,Udaipur,9828889007,Yes
755,Rahul,AB-,Mumbai,9586924166,No
756,Anita,AB-,Indore,9510780649,No
757,Pooja,A-,Pune,9954905292,Yes
758,Pooja,O+,Mumbai,9951556283,No
759,Pooja,B+,Kota,9744231727,Yes
760,Rahul,O-,Udaipur,9477006622,Yes
761,Sohan,AB+,Mumbai,9328507726,No
762,Priya,A-,Jaipur,9206506041,No
763,Amit,A+,Jaipur,9740874011,No
764,Amit,O+,Udaipur,9514374110,No
765,Neha,O+,Indore,9395612444,No
766,Ravi,B-,Kota,9212568222,Yes
767,Karan,B-,Udaipur,9712372354,Yes
768,Karan,B+,Mumbai,9295436098,No
769,Sohan,AB+,Delhi,9412759818,Yes
770,Amit,AB+,Bhopal,9836835142,No
771,Karan,O-,Pune,9933604371,No
772,Vikas,B-,Indore,9779359482,No
773,Karan,O+,Pune,9817036257,Yes
774,Neha,B+,Delhi,9492405648,No
775,Ravi,B-,Udaipur,9175644756,No
776,Ravi,B-,Bhopal,9934347245,Yes
777,Neha,O+,Mumbai,9131426977,Yes
778,Pooja,A-,Udaipur,9751999625,Yes
779,Rahul,O+,Indore,9468131617,Yes
780,Ravi,O-,Mumbai,9586713557,Yes
781,Ravi,A-,Pune,9533300214,No
782,Rahul,A-,Mumbai,9968551113,No
783,Pooja,AB+,Pune,9145716054,Yes
784,Ravi,AB+,Pune,9417014087,Yes
785,Rahul,B+,Kota,9558603947,Yes
786,Rahul,B-,Delhi,9111626356,Yes
787,Rahul,AB-,Indore,9914052770,Yes
788,Anita,A-,Kota,9563708671,No
789,Karan,A+,Pune,9604726734,No
790,Neha,A-,Pune,9942314744,No
791,Karan,AB+,Udaipur,9536926320,Yes
792,Priya,AB-,Kota,9266165572,No
793,Pooja,A+,Kota,9887739563,Yes
794,Anita,B+,Jaipur,9828038433,No
795,Sohan,O+,Jaipur,9690572875,Yes
796,Vikas,O-,Pune,9886686798,Yes
797,Anita,O+,Kota,9644809802,Yes
798,Sohan,O+,Pune,9668807332,No
799,Pooja,B-,Indore,9247348487,Yes
800,Rahul,B+,Mumbai,9313293184,No
801,Vikas,B-,Mumbai,9893498665,Yes
802,Sohan,O+,Kota,9153480180,Yes
803,Rahul,O-,Kota,9678718315,Yes
804,Pooja,A+,Bhopal,9365811337,Yes
805,Amit,AB-,Delhi,9764058521,Yes
806,Ravi,O-,Indore,9630843741,Yes
807,Amit,A+,Delhi,9860301704,Yes
808,Sohan,B+,Indore,9904823663,Yes
809,Amit,A-,Kota,9287073386,Yes
810,Rahul,O+,Mumbai,9315588766,Yes
811,Sohan,B+,Kota,9468887649,Yes
812,Rahul,A+,Kota,9948539515,No
813,Amit,A-,Pune,9540226322,No
814,Vikas,A+,Udaipur,9643351886,No
815,Rahul,B-,Bhopal,9981936773,Yes
816,Neha,O+,Jaipur,9192190940,No
817,Priya,O-,Jaipur,9909548851,Yes
818,Karan,AB+,Jaipur,9336343635,Yes
819,Neha,B+,Mumbai,9332129579,No
820,Priya,B+,Udaipur,9342799259,Yes
821,Vikas,O+,Udaipur,9170999393,No
822,Ravi,O-,Bhopal,9602830655,No
823,Anita,B+,Udaipur,9217707656,Yes
824,Neha,AB-,Pune,9546836182,Yes
825,Rahul,B+,Pune,9162758611,Yes
826,Karan,A+,Udaipur,9225787464,Yes
827,Priya,O+,Delhi,9121924301,No
828,Pooja,A-,Bhopal,9914930238,Yes
829,Ravi,B-,Indore,9845239785,No
830,Priya,A-,Jaipur,9429376810,Yes
831,Vikas,AB-,Jaipur,9281079254,Yes
832,Vikas,A+,Bhopal,9384675327,Yes
833,Anita,O+,Indore,9878445295,No
834,Anita,AB+,Indore,9793329893,Yes
835,Amit,AB+,Delhi,9419485309,No
836,Ravi,O-,Indore,9504591118,Yes
837,Priya,O+,Bhopal,9796852313,Yes
838,Amit,B-,Jaipur,9978160550,Yes
839,Sohan,A-,Bhopal,9764270802,No
840,Anita,O-,Mumbai,9108312250,Yes
841,Priya,O+,Mumbai,9281922350,Yes
842,Neha,O-,Jaipur,9211483566,No
843,Karan,O+,Jaipur,9797303411,Yes
844,Vikas,B+,Udaipur,9368428348,No
845,Pooja,O+,Delhi,9345581154,No
846,Vikas,O-,Mumbai,9294545063,Yes
847,Sohan,B-,Pune,9579740137,Yes
848,Neha,B-,Indore,9496526553,No
849,Anita,A+,Delhi,9846140767,Yes
850,Neha,O+,Udaipur,9482805944,No
851,Anita,B+,Delhi,9161342452,No
852,Amit,AB+,Indore,9649398795,Yes
853,Karan,A-,Delhi,9133332854,Yes
854,Sohan,B-,Kota,9773848775,Yes
855,Pooja,A-,Udaipur,9784429890,No
856,Amit,B+,Udaipur,9943557335,Yes
857,Karan,AB+,Udaipur,9322313494,Yes
858,Vikas,B-,Indore,9462047432,No
859,Vikas,AB+,Mumbai,9870759770,Yes
860,Neha,A+,Bhopal,9554533724,No
861,Vikas,AB+,Udaipur,9136137825,No
862,Sohan,A-,Kota,9504583715,Yes
863,Sohan,A+,Bhopal,9618654651,No
864,Pooja,AB+,Kota,9320904862,Yes
865,Priya,O-,Indore,9247878587,Yes
866,Priya,A-,Bhopal,9404862722,No
867,Rahul,A-,Mumbai,9354466203,Yes
868,Sohan,B-,Indore,9761828721,No
869,Anita,O-,Delhi,9899136237,No
870,Anita,B-,Udaipur,9422217059,No
871,Rahul,AB+,Bhopal,9581439341,No
872,Neha,B-,Delhi,9756450690,Yes
873,Karan,A+,Udaipur,9118819102,Yes
874,Amit,O+,Delhi,9466581437,No
875,Anita,AB-,Delhi,9183165665,No
876,Sohan,AB-,Indore,9714390951,No
877,Pooja,AB-,Delhi,9892483354,Yes
878,Anita,A+,Bhopal,9881173666,Yes
879,Sohan,A-,Delhi,9405608624,No
880,Vikas,A-,Bhopal,9867067638,No
881,Pooja,A+,Kota,9145734981,Yes
882,Rahul,A-,Kota,9280930102,Yes
883,Neha,O+,Bhopal,9697650925,No
884,Neha,A-,Pune,9587014443,Yes
885,Ravi,AB+,Kota,9790491555,No
886,Karan,B-,Bhopal,9815462077,No
887,Sohan,A-,Delhi,9634278262,Yes
888,Sohan,A+,Pune,9341320133,Yes
889,Rahul,A+,Jaipur,9910757236,Yes
890,Amit,O+,Bhopal,9374011328,Yes
891,Amit,O+,Udaipur,9572556826,No
892,Neha,O-,Pune,9277222546,Yes
893,Sohan,A+,Jaipur,9915899398,No
894,Ravi,O-,Pune,9125631747,Yes
895,Rahul,B-,Kota,9484133469,Yes
896,Karan,AB+,Mumbai,9408784346,No
897,Amit,O+,Pune,9202854913,Yes
898,Pooja,B+,Jaipur,9700934466,Yes
899,Priya,B+,Kota,9683241651,No
900,Amit,AB-,Bhopal,9659634105,Yes
901,Vikas,AB-,Kota,9447556721,No
902,Pooja,B+,Indore,9718345167,Yes
903,Amit,B+,Bhopal,9324193712,Yes
904,Vikas,A-,Udaipur,9842263237,Yes
905,Karan,B+,Bhopal,9768067559,No
906,Karan,B-,Pune,9286143669,No
907,Anita,O-,Jaipur,9342357438,Yes
908,Ravi,B+,Bhopal,9603380756,No
909,Karan,O-,Bhopal,9992870446,Yes
910,Karan,B-,Jaipur,9556360632,Yes
911,Priya,B+,Indore,9552709922,Yes
912,Rahul,B+,Pune,9871963415,No
913,Rahul,AB+,Udaipur,9156196823,No
914,Sohan,O-,Indore,9772835875,Yes
915,Pooja,A-,Delhi,9654165783,No
916,Vikas,O+,Pune,9385239668,No
917,Ravi,A-,Udaipur,9268594505,Yes
918,Karan,O-,Kota,9591884143,Yes
919,Rahul,A+,Indore,9852282873,Yes
920,Vikas,A-,Bhopal,9958154680,Yes
921,Ravi,B+,Mumbai,9772533904,Yes
922,Ravi,A+,Pune,9812073837,Yes
923,Anita,O-,Mumbai,9614287783,No
924,Priya,O-,Bhopal,9418480790,No
925,Karan,B+,Delhi,9590436016,Yes
926,Anita,AB+,Udaipur,9977009288,No
927,Neha,A+,Kota,9638906235,Yes
928,Ravi,B-,Delhi,9249696056,Yes
929,Neha,B-,Mumbai,9717696098,No
930,Neha,B-,Mumbai,9799462860,Yes
931,Rahul,B-,Jaipur,9654991665,No
932,Pooja,B+,Bhopal,9751173105,Yes
933,Neha,O+,Indore,9330876737,Yes
934,Sohan,B-,Udaipur,9384016936,Yes
935,Pooja,B-,Pune,9859751103,No
936,Rahul,A+,Delhi,9442896943,No
937,Karan,AB+,Udaipur,9991787950,No
938,Ravi,O-,Pune,9251333591,Yes
939,Vikas,O-,Bhopal,9124836794,No
940,Pooja,A-,Delhi,9475446200,Yes
941,Karan,O+,Jaipur,9455679536,Yes
942,Pooja,A-,Bhopal,9233346311,No
943,Priya,AB+,Kota,9641978466,No
944,Amit,B-,Indore,9120100176,Yes
945,Karan,A+,Bhopal,9786068994,Yes
946,Priya,B+,Bhopal,9767952679,Yes
947,Sohan,O+,Delhi,9519514093,No
948,Karan,B-,Indore,9382558426,No
949,Priya,B+,Jaipur,9414603888,No
950,Karan,AB-,Pune,9781346210,Yes
951,Pooja,O-,Pune,9517956075,No
952,Priya,B-,Delhi,9843812754,No
953,Karan,AB+,Jaipur,9177224589,Yes
954,Pooja,AB+,Bhopal,9281816287,No
955,Anita,O-,Mumbai,9861328818,Yes
956,Anita,O+,Indore,9966336516,No
957,Priya,B+,Delhi,9475715645,No
958,Neha,AB+,Udaipur,9199175178,No
959,Amit,AB-,Udaipur,9140763994,No
960,Sohan,AB+,Udaipur,9481277577,Yes
961,Anita,A+,Mumbai,9166035085,No
962,Priya,A-,Bhopal,9360775508,No
963,Anita,O+,Indore,9922713691,No
964,Pooja,AB-,Indore,9651577034,Yes
965,Neha,O+,Kota,9358012069,No
966,Amit,B-,Bhopal,9109115698,No
967,Rahul,A-,Jaipur,9360946064,Yes
968,Ravi,A-,Indore,9522504609,Yes
969,Sohan,B-,Kota,9564277064,Yes
970,Rahul,O-,Jaipur,9975443536,Yes
971,Karan,O+,Indore,9729329807,Yes
972,Rahul,AB+,Delhi,9938565375,No
973,Anita,O+,Jaipur,9862503181,Yes
974,Priya,AB+,Jaipur,9680240047,Yes
975,Anita,AB+,Indore,9479335665,Yes
976,Amit,AB-,Udaipur,9541139534,Yes
977,Rahul,O-,Jaipur,9847844290,No
978,Rahul,O-,Bhopal,9322666276,No
979,Pooja,AB-,Pune,9930065898,Yes
980,Priya,AB+,Jaipur,9991913231,No
981,Vikas,AB+,Jaipur,9324364382,Yes
982,Ravi,AB-,Jaipur,9942853469,Yes
983,Pooja,AB-,Pune,9153598039,No
984,Pooja,O+,Bhopal,9148776572,Yes
985,Anita,B+,Kota,9918424999,Yes
986,Vikas,AB+,Indore,9925759971,No
987,Vikas,O+,Kota,9732391583,Yes
988,Vikas,A-,Pune,9431281293,Yes
989,Anita,AB+,Jaipur,9595415389,Yes
990,Rahul,B+,Bhopal,9397917978,Yes
991,Sohan,O+,Kota,9395936355,No
992,Sohan,AB-,Pune,9217996178,No
993,Pooja,AB-,Bhopal,9945788193,Yes
994,Neha,B+,Kota,9538551985,No
995,Neha,O+,Mumbai,9354735623,Yes
996,Rahul,AB-,Pune,9161345321,Yes
997,Pooja,O+,Jaipur,9725166452,Yes
998,Rahul,AB-,Kota,9766536774,Yes
999,Vikas,O-,Indore,9905940092,No
1000,Karan,B-,Bhopal,9627919874,Yes
